geogname,lcnaf,Ann Arbor (Mich. : Township),Ann Arbor (Mich. : Township)
geogname,lcsh,Ann Arbor (Mich. : Township)--Genealogy.,Ann Arbor (Mich. : Township),Genealogy.
geogname,lcsh,Washtenaw County (Mich.),Washtenaw County (Mich.)
genreform,aat,Scrapbooks.,Scrapbooks.
subject,lcsh,Elections--Michigan--Ann Arbor (Township),Elections,Michigan,Ann Arbor (Township)
subject,lcsh,"Registers of births, etc.--Michigan--Ann Arbor (Township)","Registers of births, etc.",Michigan,Ann Arbor (Township)
subject,lcsh,Roads--Michigan--Ann Arbor (Township),Roads,Michigan,Ann Arbor (Township)
subject,lcsh,Schools--Michigan--Ann Arbor (Township),Schools,Michigan,Ann Arbor (Township)
subject,lcsh,Taxation--Michigan--Ann Arbor (Township),Taxation,Michigan,Ann Arbor (Township)
subject,lcsh,Art--Michigan--Ann Arbor.,Art,Michigan,Ann Arbor.
subject,lcsh,Artists--Michigan--Ann Arbor.,Artists,Michigan,Ann Arbor.
subject,lcsh,"Arts--Michigan--Ann Arbor--Societies, etc.",Arts,Michigan,Ann Arbor,"Societies, etc."
